<Deportistas><Deportista id="1"><Nombre>A Dijiang</Nombre><Sexo>M</Sexo><Altura>180</Altura><Peso>80</Peso><Participaciones /></Deportista><Deportista id="2"><Nombre>A Lamusi</Nombre><Sexo>M</Sexo><Altura>170</Altura><Peso>60</Peso><Participaciones /></Deportista><Deportista id="3"><Nombre>Gunnar Nielsen Aaby</Nombre><Sexo>M</Sexo><Altura>NA</Altura><Peso>NA</Peso><Participaciones /></Deportista><Deportista id="4"><Nombre>Edgar Lindenau Aabye</Nombre><Sexo>M</Sexo><Altura>NA</Altura><Peso>NA</Peso><Participaciones /></Deportista><Deportista id="5"><Nombre>Christine Jacoba Aaftink</Nombre><Sexo>F</Sexo><Altura>185</Altura><Peso>82</Peso><Participaciones /></Deportista><Deportista id="6"><Nombre>Per Knut Aaland</Nombre><Sexo>M</Sexo><Altura>188</Altura><Peso>75</Peso><Participaciones /></Deportista><Deportista id="7"><Nombre>John Aalberg</Nombre><Sexo>M</Sexo><Altura>183</Altura><Peso>72</Peso><Participaciones /></Deportista><Deportista id="8"><Nombre>Cornelia "Cor" Aalten (-Strannood)</Nombre><Sexo>F</Sexo><Altura>168</Altura><Peso>NA</Peso><Participaciones /></Deportista><Deportista id="9"><Nombre>Antti Sami Aalto</Nombre><Sexo>M</Sexo><Altura>186</Altura><Peso>96</Peso><Participaciones /></Deportista><Deportista id="10"><Nombre>Einar Ferdinand "Einari" Aalto</Nombre><Sexo>M</Sexo><Altura>NA</Altura><Peso>NA</Peso><Participaciones /></Deportista><Deportista id="11"><Nombre>Jorma Ilmari Aalto</Nombre><Sexo>M</Sexo><Altura>182</Altura><Peso>76.5</Peso><Participaciones /></Deportista><Deportista id="12"><Nombre>Jyri Tapani Aalto</Nombre><Sexo>M</Sexo><Altura>172</Altura><Peso>70</Peso><Participaciones /></Deportista><Deportista id="13"><Nombre>Minna Maarit Aalto</Nombre><Sexo>F</Sexo><Altura>159</Altura><Peso>55.5</Peso><Participaciones /></Deportista><Deportista id="14"><Nombre>Pirjo Hannele Aalto (Mattila-)</Nombre><Sexo>F</Sexo><Altura>171</Altura><Peso>65</Peso><Participaciones /></Deportista><Deportista id="15"><Nombre>Arvo Ossian Aaltonen</Nombre><Sexo>M</Sexo><Altura>NA</Altura><Peso>NA</Peso><Participaciones /></Deportista><Deportista id="16"><Nombre>Juhamatti Tapio Aaltonen</Nombre><Sexo>M</Sexo><Altura>184</Altura><Peso>85</Peso><Participaciones /></Deportista><Deportista id="17"><Nombre>Paavo Johannes Aaltonen</Nombre><Sexo>M</Sexo><Altura>175</Altura><Peso>64</Peso><Participaciones /></Deportista></Deportistas>