<?xml version="1.0" ?>
<Deportistas>
   <Deportista id="1">
      <Nombre>A Dijiang</Nombre>
      <Sexo>M</Sexo>
      <Altura>180</Altura>
      <Peso>80</Peso>
      <participaciones>
         <deporte nombre="Basketball">
            <Participacion edad="24">
               <Equipo abbr="CHN">China</Equipo>
               <Juegos>1992 Summer - Barcelona</Juegos>
               <Evento>Basketball Men's Basketball</Evento>
               <Medalla>NA</Medalla>
            </Participacion>
         </deporte>
      </participaciones>
   </Deportista>
   <Deportista id="2">
      <Nombre>A Lamusi</Nombre>
      <Sexo>M</Sexo>
      <Altura>170</Altura>
      <Peso>60</Peso>
      <participaciones>
         <deporte nombre="Judo">
            <Participacion edad="23">
               <Equipo abbr="CHN">China</Equipo>
               <Juegos>2012 Summer - London</Juegos>
               <Evento>Judo Men's Extra-Lightweight</Evento>
               <Medalla>NA</Medalla>
            </Participacion>
         </deporte>
      </participaciones>
   </Deportista>
   <Deportista id="3">
      <Nombre>Gunnar Nielsen Aaby</Nombre>
      <Sexo>M</Sexo>
      <Altura>NA</Altura>
      <Peso>NA</Peso>
      <participaciones>
         <deporte nombre="Football">
            <Participacion edad="24">
               <Equipo abbr="DEN">Denmark</Equipo>
               <Juegos>1920 Summer - Antwerpen</Juegos>
               <Evento>Football Men's Football</Evento>
               <Medalla>NA</Medalla>
            </Participacion>
         </deporte>
      </participaciones>
   </Deportista>
   <Deportista id="4">
      <Nombre>Edgar Lindenau Aabye</Nombre>
      <Sexo>M</Sexo>
      <Altura>NA</Altura>
      <Peso>NA</Peso>
      <participaciones>
         <deporte nombre="Tug-Of-War">
            <Participacion edad="34">
               <Equipo abbr="DEN">Denmark/Sweden</Equipo>
               <Juegos>1900 Summer - Paris</Juegos>
               <Evento>Tug-Of-War Men's Tug-Of-War</Evento>
               <Medalla>Gold</Medalla>
            </Participacion>
         </deporte>
      </participaciones>
   </Deportista>
   <Deportista id="5">
      <Nombre>Christine Jacoba Aaftink</Nombre>
      <Sexo>F</Sexo>
      <Altura>185</Altura>
      <Peso>82</Peso>
      <participaciones>
         <deporte nombre="Speed Skating">
            <Participacion edad="21">
               <Equipo abbr="NED">Netherlands</Equipo>
               <Juegos>1988 Winter - Calgary</Juegos>
               <Evento>Speed Skating Women's 500 metres</Evento>
               <Medalla>NA</Medalla>
            </Participacion>
         </deporte>
         <deporte nombre="Speed Skating">
            <Participacion edad="21">
               <Equipo abbr="NED">Netherlands</Equipo>
               <Juegos>1988 Winter - Calgary</Juegos>
               <Evento>Speed Skating Women's 1,000 metres</Evento>
               <Medalla>NA</Medalla>
            </Participacion>
         </deporte>
         <deporte nombre="Speed Skating">
            <Participacion edad="25">
               <Equipo abbr="NED">Netherlands</Equipo>
               <Juegos>1992 Winter - Albertville</Juegos>
               <Evento>Speed Skating Women's 500 metres</Evento>
               <Medalla>NA</Medalla>
            </Participacion>
         </deporte>
         <deporte nombre="Speed Skating">
            <Participacion edad="25">
               <Equipo abbr="NED">Netherlands</Equipo>
               <Juegos>1992 Winter - Albertville</Juegos>
               <Evento>Speed Skating Women's 1,000 metres</Evento>
               <Medalla>NA</Medalla>
            </Participacion>
         </deporte>
         <deporte nombre="Speed Skating">
            <Participacion edad="27">
               <Equipo abbr="NED">Netherlands</Equipo>
               <Juegos>1994 Winter - Lillehammer</Juegos>
               <Evento>Speed Skating Women's 500 metres</Evento>
               <Medalla>NA</Medalla>
            </Participacion>
         </deporte>
         <deporte nombre="Speed Skating">
            <Participacion edad="27">
               <Equipo abbr="NED">Netherlands</Equipo>
               <Juegos>1994 Winter - Lillehammer</Juegos>
               <Evento>Speed Skating Women's 1,000 metres</Evento>
               <Medalla>NA</Medalla>
            </Participacion>
         </deporte>
      </participaciones>
   </Deportista>
   <Deportista id="6">
      <Nombre>Per Knut Aaland</Nombre>
      <Sexo>M</Sexo>
      <Altura>188</Altura>
      <Peso>75</Peso>
      <participaciones>
         <deporte nombre="Cross Country Skiing">
            <Participacion edad="31">
               <Equipo abbr="USA">United States</Equipo>
               <Juegos>1992 Winter - Albertville</Juegos>
               <Evento>Cross Country Skiing Men's 10 kilometres</Evento>
               <Medalla>NA</Medalla>
            </Participacion>
         </deporte>
         <deporte nombre="Cross Country Skiing">
            <Participacion edad="31">
               <Equipo abbr="USA">United States</Equipo>
               <Juegos>1992 Winter - Albertville</Juegos>
               <Evento>Cross Country Skiing Men's 50 kilometres</Evento>
               <Medalla>NA</Medalla>
            </Participacion>
         </deporte>
         <deporte nombre="Cross Country Skiing">
            <Participacion edad="31">
               <Equipo abbr="USA">United States</Equipo>
               <Juegos>1992 Winter - Albertville</Juegos>
               <Evento>Cross Country Skiing Men's 10/15 kilometres Pursuit</Evento>
               <Medalla>NA</Medalla>
            </Participacion>
         </deporte>
         <deporte nombre="Cross Country Skiing">
            <Participacion edad="31">
               <Equipo abbr="USA">United States</Equipo>
               <Juegos>1992 Winter - Albertville</Juegos>
               <Evento>Cross Country Skiing Men's 4 x 10 kilometres Relay</Evento>
               <Medalla>NA</Medalla>
            </Participacion>
         </deporte>
         <deporte nombre="Cross Country Skiing">
            <Participacion edad="33">
               <Equipo abbr="USA">United States</Equipo>
               <Juegos>1994 Winter - Lillehammer</Juegos>
               <Evento>Cross Country Skiing Men's 10 kilometres</Evento>
               <Medalla>NA</Medalla>
            </Participacion>
         </deporte>
         <deporte nombre="Cross Country Skiing">
            <Participacion edad="33">
               <Equipo abbr="USA">United States</Equipo>
               <Juegos>1994 Winter - Lillehammer</Juegos>
               <Evento>Cross Country Skiing Men's 30 kilometres</Evento>
               <Medalla>NA</Medalla>
            </Participacion>
         </deporte>
         <deporte nombre="Cross Country Skiing">
            <Participacion edad="33">
               <Equipo abbr="USA">United States</Equipo>
               <Juegos>1994 Winter - Lillehammer</Juegos>
               <Evento>Cross Country Skiing Men's 10/15 kilometres Pursuit</Evento>
               <Medalla>NA</Medalla>
            </Participacion>
         </deporte>
         <deporte nombre="Cross Country Skiing">
            <Participacion edad="33">
               <Equipo abbr="USA">United States</Equipo>
               <Juegos>1994 Winter - Lillehammer</Juegos>
               <Evento>Cross Country Skiing Men's 4 x 10 kilometres Relay</Evento>
               <Medalla>NA</Medalla>
            </Participacion>
         </deporte>
      </participaciones>
   </Deportista>
   <Deportista id="7">
      <Nombre>John Aalberg</Nombre>
      <Sexo>M</Sexo>
      <Altura>183</Altura>
      <Peso>72</Peso>
      <participaciones>
         <deporte nombre="Cross Country Skiing">
            <Participacion edad="31">
               <Equipo abbr="USA">United States</Equipo>
               <Juegos>1992 Winter - Albertville</Juegos>
               <Evento>Cross Country Skiing Men's 10 kilometres</Evento>
               <Medalla>NA</Medalla>
            </Participacion>
         </deporte>
         <deporte nombre="Cross Country Skiing">
            <Participacion edad="31">
               <Equipo abbr="USA">United States</Equipo>
               <Juegos>1992 Winter - Albertville</Juegos>
               <Evento>Cross Country Skiing Men's 50 kilometres</Evento>
               <Medalla>NA</Medalla>
            </Participacion>
         </deporte>
         <deporte nombre="Cross Country Skiing">
            <Participacion edad="31">
               <Equipo abbr="USA">United States</Equipo>
               <Juegos>1992 Winter - Albertville</Juegos>
               <Evento>Cross Country Skiing Men's 10/15 kilometres Pursuit</Evento>
               <Medalla>NA</Medalla>
            </Participacion>
         </deporte>
         <deporte nombre="Cross Country Skiing">
            <Participacion edad="31">
               <Equipo abbr="USA">United States</Equipo>
               <Juegos>1992 Winter - Albertville</Juegos>
               <Evento>Cross Country Skiing Men's 4 x 10 kilometres Relay</Evento>
               <Medalla>NA</Medalla>
            </Participacion>
         </deporte>
         <deporte nombre="Cross Country Skiing">
            <Participacion edad="33">
               <Equipo abbr="USA">United States</Equipo>
               <Juegos>1994 Winter - Lillehammer</Juegos>
               <Evento>Cross Country Skiing Men's 10 kilometres</Evento>
               <Medalla>NA</Medalla>
            </Participacion>
         </deporte>
         <deporte nombre="Cross Country Skiing">
            <Participacion edad="33">
               <Equipo abbr="USA">United States</Equipo>
               <Juegos>1994 Winter - Lillehammer</Juegos>
               <Evento>Cross Country Skiing Men's 30 kilometres</Evento>
               <Medalla>NA</Medalla>
            </Participacion>
         </deporte>
         <deporte nombre="Cross Country Skiing">
            <Participacion edad="33">
               <Equipo abbr="USA">United States</Equipo>
               <Juegos>1994 Winter - Lillehammer</Juegos>
               <Evento>Cross Country Skiing Men's 10/15 kilometres Pursuit</Evento>
               <Medalla>NA</Medalla>
            </Participacion>
         </deporte>
         <deporte nombre="Cross Country Skiing">
            <Participacion edad="33">
               <Equipo abbr="USA">United States</Equipo>
               <Juegos>1994 Winter - Lillehammer</Juegos>
               <Evento>Cross Country Skiing Men's 4 x 10 kilometres Relay</Evento>
               <Medalla>NA</Medalla>
            </Participacion>
         </deporte>
      </participaciones>
   </Deportista>
   <Deportista id="8">
      <Nombre>Cornelia &quot;Cor&quot; Aalten (-Strannood)</Nombre>
      <Sexo>F</Sexo>
      <Altura>168</Altura>
      <Peso>NA</Peso>
      <participaciones>
         <deporte nombre="Athletics">
            <Participacion edad="18">
               <Equipo abbr="NED">Netherlands</Equipo>
               <Juegos>1932 Summer - Los Angeles</Juegos>
               <Evento>Athletics Women's 100 metres</Evento>
               <Medalla>NA</Medalla>
            </Participacion>
         </deporte>
         <deporte nombre="Athletics">
            <Participacion edad="18">
               <Equipo abbr="NED">Netherlands</Equipo>
               <Juegos>1932 Summer - Los Angeles</Juegos>
               <Evento>Athletics Women's 4 x 100 metres Relay</Evento>
               <Medalla>NA</Medalla>
            </Participacion>
         </deporte>
      </participaciones>
   </Deportista>
   <Deportista id="9">
      <Nombre>Antti Sami Aalto</Nombre>
      <Sexo>M</Sexo>
      <Altura>186</Altura>
      <Peso>96</Peso>
      <participaciones>
         <deporte nombre="Ice Hockey">
            <Participacion edad="26">
               <Equipo abbr="FIN">Finland</Equipo>
               <Juegos>2002 Winter - Salt Lake City</Juegos>
               <Evento>Ice Hockey Men's Ice Hockey</Evento>
               <Medalla>NA</Medalla>
            </Participacion>
         </deporte>
      </participaciones>
   </Deportista>
   <Deportista id="10">
      <Nombre>Einar Ferdinand &quot;Einari&quot; Aalto</Nombre>
      <Sexo>M</Sexo>
      <Altura>NA</Altura>
      <Peso>NA</Peso>
      <participaciones>
         <deporte nombre="Swimming">
            <Participacion edad="26">
               <Equipo abbr="FIN">Finland</Equipo>
               <Juegos>1952 Summer - Helsinki</Juegos>
               <Evento>Swimming Men's 400 metres Freestyle</Evento>
               <Medalla>NA</Medalla>
            </Participacion>
         </deporte>
      </participaciones>
   </Deportista>
   <Deportista id="11">
      <Nombre>Jorma Ilmari Aalto</Nombre>
      <Sexo>M</Sexo>
      <Altura>182</Altura>
      <Peso>76.5</Peso>
      <participaciones>
         <deporte nombre="Cross Country Skiing">
            <Participacion edad="22">
               <Equipo abbr="FIN">Finland</Equipo>
               <Juegos>1980 Winter - Lake Placid</Juegos>
               <Evento>Cross Country Skiing Men's 30 kilometres</Evento>
               <Medalla>NA</Medalla>
            </Participacion>
         </deporte>
      </participaciones>
   </Deportista>
   <Deportista id="12">
      <Nombre>Jyri Tapani Aalto</Nombre>
      <Sexo>M</Sexo>
      <Altura>172</Altura>
      <Peso>70</Peso>
      <participaciones>
         <deporte nombre="Badminton">
            <Participacion edad="31">
               <Equipo abbr="FIN">Finland</Equipo>
               <Juegos>2000 Summer - Sydney</Juegos>
               <Evento>Badminton Men's Singles</Evento>
               <Medalla>NA</Medalla>
            </Participacion>
         </deporte>
      </participaciones>
   </Deportista>
   <Deportista id="13">
      <Nombre>Minna Maarit Aalto</Nombre>
      <Sexo>F</Sexo>
      <Altura>159</Altura>
      <Peso>55.5</Peso>
      <participaciones>
         <deporte nombre="Sailing">
            <Participacion edad="30">
               <Equipo abbr="FIN">Finland</Equipo>
               <Juegos>1996 Summer - Atlanta</Juegos>
               <Evento>Sailing Women's Windsurfer</Evento>
               <Medalla>NA</Medalla>
            </Participacion>
         </deporte>
         <deporte nombre="Sailing">
            <Participacion edad="34">
               <Equipo abbr="FIN">Finland</Equipo>
               <Juegos>2000 Summer - Sydney</Juegos>
               <Evento>Sailing Women's Windsurfer</Evento>
               <Medalla>NA</Medalla>
            </Participacion>
         </deporte>
      </participaciones>
   </Deportista>
   <Deportista id="14">
      <Nombre>Pirjo Hannele Aalto (Mattila-)</Nombre>
      <Sexo>F</Sexo>
      <Altura>171</Altura>
      <Peso>65</Peso>
      <participaciones>
         <deporte nombre="Biathlon">
            <Participacion edad="32">
               <Equipo abbr="FIN">Finland</Equipo>
               <Juegos>1994 Winter - Lillehammer</Juegos>
               <Evento>Biathlon Women's 7.5 kilometres Sprint</Evento>
               <Medalla>NA</Medalla>
            </Participacion>
         </deporte>
      </participaciones>
   </Deportista>
   <Deportista id="15">
      <Nombre>Arvo Ossian Aaltonen</Nombre>
      <Sexo>M</Sexo>
      <Altura>NA</Altura>
      <Peso>NA</Peso>
      <participaciones>
         <deporte nombre="Swimming">
            <Participacion edad="22">
               <Equipo abbr="FIN">Finland</Equipo>
               <Juegos>1912 Summer - Stockholm</Juegos>
               <Evento>Swimming Men's 200 metres Breaststroke</Evento>
               <Medalla>NA</Medalla>
            </Participacion>
         </deporte>
         <deporte nombre="Swimming">
            <Participacion edad="22">
               <Equipo abbr="FIN">Finland</Equipo>
               <Juegos>1912 Summer - Stockholm</Juegos>
               <Evento>Swimming Men's 400 metres Breaststroke</Evento>
               <Medalla>NA</Medalla>
            </Participacion>
         </deporte>
         <deporte nombre="Swimming">
            <Participacion edad="30">
               <Equipo abbr="FIN">Finland</Equipo>
               <Juegos>1920 Summer - Antwerpen</Juegos>
               <Evento>Swimming Men's 200 metres Breaststroke</Evento>
               <Medalla>Bronze</Medalla>
            </Participacion>
         </deporte>
         <deporte nombre="Swimming">
            <Participacion edad="30">
               <Equipo abbr="FIN">Finland</Equipo>
               <Juegos>1920 Summer - Antwerpen</Juegos>
               <Evento>Swimming Men's 400 metres Breaststroke</Evento>
               <Medalla>Bronze</Medalla>
            </Participacion>
         </deporte>
         <deporte nombre="Swimming">
            <Participacion edad="34">
               <Equipo abbr="FIN">Finland</Equipo>
               <Juegos>1924 Summer - Paris</Juegos>
               <Evento>Swimming Men's 200 metres Breaststroke</Evento>
               <Medalla>NA</Medalla>
            </Participacion>
         </deporte>
      </participaciones>
   </Deportista>
   <Deportista id="16">
      <Nombre>Juhamatti Tapio Aaltonen</Nombre>
      <Sexo>M</Sexo>
      <Altura>184</Altura>
      <Peso>85</Peso>
      <participaciones>
         <deporte nombre="Ice Hockey">
            <Participacion edad="28">
               <Equipo abbr="FIN">Finland</Equipo>
               <Juegos>2014 Winter - Sochi</Juegos>
               <Evento>Ice Hockey Men's Ice Hockey</Evento>
               <Medalla>Bronze</Medalla>
            </Participacion>
         </deporte>
      </participaciones>
   </Deportista>
   <Deportista id="17">
      <Nombre>Paavo Johannes Aaltonen</Nombre>
      <Sexo>M</Sexo>
      <Altura>175</Altura>
      <Peso>64</Peso>
      <participaciones>
         <deporte nombre="Gymnastics">
            <Participacion edad="28">
               <Equipo abbr="FIN">Finland</Equipo>
               <Juegos>1948 Summer - London</Juegos>
               <Evento>Gymnastics Men's Individual All-Around</Evento>
               <Medalla>Bronze</Medalla>
            </Participacion>
         </deporte>
         <deporte nombre="Gymnastics">
            <Participacion edad="28">
               <Equipo abbr="FIN">Finland</Equipo>
               <Juegos>1948 Summer - London</Juegos>
               <Evento>Gymnastics Men's Team All-Around</Evento>
               <Medalla>Gold</Medalla>
            </Participacion>
         </deporte>
         <deporte nombre="Gymnastics">
            <Participacion edad="28">
               <Equipo abbr="FIN">Finland</Equipo>
               <Juegos>1948 Summer - London</Juegos>
               <Evento>Gymnastics Men's Floor Exercise</Evento>
               <Medalla>NA</Medalla>
            </Participacion>
         </deporte>
         <deporte nombre="Gymnastics">
            <Participacion edad="28">
               <Equipo abbr="FIN">Finland</Equipo>
               <Juegos>1948 Summer - London</Juegos>
               <Evento>Gymnastics Men's Horse Vault</Evento>
               <Medalla>Gold</Medalla>
            </Participacion>
         </deporte>
         <deporte nombre="Gymnastics">
            <Participacion edad="28">
               <Equipo abbr="FIN">Finland</Equipo>
               <Juegos>1948 Summer - London</Juegos>
               <Evento>Gymnastics Men's Parallel Bars</Evento>
               <Medalla>NA</Medalla>
            </Participacion>
         </deporte>
         <deporte nombre="Gymnastics">
            <Participacion edad="28">
               <Equipo abbr="FIN">Finland</Equipo>
               <Juegos>1948 Summer - London</Juegos>
               <Evento>Gymnastics Men's Horizontal Bar</Evento>
               <Medalla>NA</Medalla>
            </Participacion>
         </deporte>
         <deporte nombre="Gymnastics">
            <Participacion edad="28">
               <Equipo abbr="FIN">Finland</Equipo>
               <Juegos>1948 Summer - London</Juegos>
               <Evento>Gymnastics Men's Rings</Evento>
               <Medalla>NA</Medalla>
            </Participacion>
         </deporte>
         <deporte nombre="Gymnastics">
            <Participacion edad="28">
               <Equipo abbr="FIN">Finland</Equipo>
               <Juegos>1948 Summer - London</Juegos>
               <Evento>Gymnastics Men's Pommelled Horse</Evento>
               <Medalla>Gold</Medalla>
            </Participacion>
         </deporte>
      </participaciones>
   </Deportista>
</Deportistas>
